transaction_hash,transaction_index,block_number,gas_used,effective_gas_price,base_fee_per_gas,earn_txn_fee,init_time,mu,sigma,est_mu,est_sigma,est_shift
0x43adcaff1d304d2feb04a93de75ff05182eff665bdc90043c6fef730d61098c5,64,19000075,36553,19431823304,18998393685,15843152863307,0.07560852368860926,-1.870173890564745,0.7221301518848864,-1.9190325359050204,0.7496082862937034,0.08243254493380542
0xde6680eaadae56ff671c47f812811bbf0ac7b2cf21d9a084955172b36905aece,132,19000075,155830,19008393685,18998393685,1558300000000,0.16984452753837775,-1.870173890564745,0.7221301518848864,-1.8798899340430846,0.7202280386830452,0.17081811764830276
0xc9c269795a5e13795c0fb5107bd1a86f31feaaf4c265dca097e0b5438d9dd2a1,116,19000075,21000,19098393685,18998393685,2100000000000,0.24232016087032449,-1.870173890564745,0.7221301518848864,-1.888720420082993,0.7319372343787727,0.24384765129626462
0x000000006e6278a22e59a7a4be1c219c582d5156c5dcaf9ea00338eb17f91059,51,19000075,22760,19998393685,18998393685,22760000000000,0.38766773503735896,-1.870173890564745,0.7221301518848864,-1.8855369072756025,0.7380778101287546,0.3915663201954852
0x4e2d61cc16d2b32effb851392573332266c639796264e27276ad85de1a50b931,120,19000075,21000,19095003571,18998393685,2028807606000,0.5246429468432972,-1.870173890564745,0.7221301518848864,-1.8784850461138929,0.7341798932550007,0.5263949486105733
0x958f896b68294d419cea4c4a6da7a2d42699b87c948bf04e45bd97b77015d14e,68,19000075,21000,19198393685,18998393685,4200000000000,0.7399508158511274,-1.870173890564745,0.7221301518848864,-1.875948701543264,0.7369186423534578,0.7422169306454036
0x2ba9d8ab572a91fb3a5d0668ee6e9b05503f58130a9ef431e4c5589b83775a53,63,19000075,21000,19431823304,18998393685,9102021999000,0.8230179589801816,-1.870173890564745,0.7221301518848864,-1.915219751189738,0.747149447539844,0.8295731851992721
0xc59252dfe3ebb2a7271b08d5a0c0bba9a5d03b6aafd16b3a19a0be76337fdd35,22,19000075,21000,25000000000,18998393685,126033732615000,0.9328841525324223,-1.870173890564745,0.7221301518848864,-1.8896040464322974,0.7297063295143483,0.9352033885941149
0xb663b7b98b429ece6783ec4f6514e31cf0f88111bc1bd091170c778448f1d381,100,19000075,63197,19098393685,18998393685,6319700000000,0.9794845093014475,-1.870173890564745,0.7221301518848864,-1.8969744257713252,0.7419146018041047,0.984115296104775
0x78dda1bc6d895963b21db28e896cf18b3ff4a1f1b29c94e9a7fa7940eace6200,119,19000075,46507,19097393685,18998393685,4604193000000,1.0472436633308209,-1.870173890564745,0.7221301518848864,-1.890330571751484,0.7423309447985043,1.0504929569763901
0xa6ff06c59dd6dcfb84b7c1b0f5ec441b7dbc8187fac5d785b4d5770da2f39046,79,19000075,46533,19098393685,18998393685,4653300000000,1.086968652448764,-1.870173890564745,0.7221301518848864,-1.8934759049014438,0.7374031885953801,1.0916991821302753
0x449d18fc4a10727146b3821b34588b933eba523a60e7be3a6e0c022f9c712ab8,36,19000075,34718,20998393685,18998393685,69436000000000,1.1625892166171812,-1.870173890564745,0.7221301518848864,-1.885902741217798,0.7337480184023637,1.1653000282697543
0x293a1053e9fae716059da4535d33b7a8b97e13a111e7679a3b94628c7239d3bd,104,19000075,94558,19098393685,18998393685,9455800000000,1.1873141639901585,-1.870173890564745,0.7221301518848864,-1.8869183037733204,0.7327612931332507,1.1899817476741912
0xf14ff03c625d38afb4dba52068d05a770726611464108402d2689163966fc8fc,127,19000075,21000,19008393685,18998393685,210000000000,1.3248962942079388,-1.870173890564745,0.7221301518848864,-1.8870576417830385,0.7407226016528267,1.3275328948767542
0x880ead2ca5448e5b10dd80a667950abeb444f4c44857fab163a01b71d8bb7e2d,49,19000075,21000,19998393685,18998393685,21000000000000,1.3296185001243113,-1.870173890564745,0.7221301518848864,-1.9027203384084928,0.7433168380318004,1.332879625687691
0x90f6ee27a15305fe36fede2c7baeb5d4062131ae10bbc81241272e8e59fdcf9c,31,19000075,46628,21468184864,18998393685,115161423094412,1.3722373935104075,-1.870173890564745,0.7221301518848864,-1.8970905898482726,0.7435635845914456,1.3763299291273998
0x25356f8a68bb270d38337c2e92f769cbdc37fd2c06c14423fb6f308f5b30cd6e,14,19000075,98624,30494507333,18998393685,1133792712420352,1.414390339778179,-1.870173890564745,0.7221301518848864,-1.8993556355904024,0.7498568946253661,1.4200304761663018
0x4cbe3d7236b298eb89787213d13adc66d30a5c08c26db0cae92462e8d0ccbcfd,83,19000075,274206,19098393685,18998393685,27420600000000,1.4260334961462702,-1.870173890564745,0.7221301518848864,-1.8931793537985864,0.7379121566150577,1.429268277350127
0x9bda0ebd97384452b27ac8ee345783999c29ba6146a778025260feaf7808d7ca,117,19000075,21000,19098393685,18998393685,2100000000000,1.5286310091054949,-1.870173890564745,0.7221301518848864,-1.894010108723522,0.7393807158958141,1.5318504362511793
0xafa24ea6295416bfbb8ba8cc0ed01e39fa195855941695df4661b247f09cbb7c,18,19000075,163976,21998393685,18998393685,491928000000000,1.5324463004823712,-1.870173890564745,0.7221301518848864,-1.9083258682153363,0.7527482885625951,1.5376373553421245
0xf303804f7d07ca50b21870a6b63e0231f55e896eedb2a8c8f70f30064f9f62db,95,19000075,22744,19098393685,18998393685,2274400000000,1.6572818061832595,-1.870173890564745,0.7221301518848864,-1.9010648695897268,0.739839383474917,1.6621570246844404
0x26172a13705610c3e0c51fd76951b46b6491535f8e1fb3a2177e41d955586c30,86,19000075,21000,19098393685,18998393685,2100000000000,1.774846227278251,-1.870173890564745,0.7221301518848864,-1.8925665159636942,0.7388005118570871,1.77711101552027
0xc7858faae54ab11096aba3a9673d5c774d9d841136d5c3de2455a112c57de504,134,19000075,21000,18998393685,18998393685,0,1.9036836320942254,-1.870173890564745,0.7221301518848864,-1.8910860011149793,0.7355088309801711,1.906920862292514
0xc158a6f71cb9792c5a629cf4cbeb51182ac0e5ad4ffa9dd370f5ad6dd19a31c3,107,19000075,22744,19098393685,18998393685,2274400000000,2.0055808813865905,-1.870173890564745,0.7221301518848864,-1.8891995732043818,0.7415349911603677,2.0085615843879547
0x0ab2f6b584d23eb8ff4a98940b1b8f7ea2586525c2e908a1c51859067614a6d0,17,19000075,115176,23610764750,18998393685,531234449782440,2.0445732205159644,-1.870173890564745,0.7221301518848864,-1.8883004170389512,0.7435884561916629,2.047977013864877
0x9163835e34e04e64c76b33a252c6f07652958dfe73b69bd43bb0563a4482d680,16,19000075,122306,18998393685,18998393685,0,2.278278216739766,-1.870173890564745,0.7221301518848864,-1.899871980175378,0.7504417409369751,2.282886993709099
0x1df357271ddab550ed0ec727f0397575da3fd357ae23d4c17dc8d4026dd704eb,106,19000075,62260,19098393685,18998393685,6226000000000,2.3283349455146367,-1.870173890564745,0.7221301518848864,-1.8802833865876987,0.7340667393467043,2.3295547561695265
0x4191a3f5e3e7c244ef0e5e04dd09ad3bf9d59944bace161cd0b77bd41fa23c2c,12,19000075,155609,28998393685,18998393685,1556090000000000,2.5409644720183513,-1.870173890564745,0.7221301518848864,-1.8921007111385255,0.7402765062901052,2.544728615446777
0x5d436baa353bde43a3326d5d0b9dfa95adc13b9557080050b7b2ac2e262c4935,72,19000075,45254,19098393685,18998393685,4525400000000,2.7966993503391633,-1.870173890564745,0.7221301518848864,-1.9034210946521448,0.750875522383495,2.802190465346908
0x8da870a4033c4d8b6aaa3e8133e30f0323f6899ba9896f4a3ab05a9b2628395c,108,19000075,40348,19098393685,18998393685,4034800000000,2.929989217525982,-1.870173890564745,0.7221301518848864,-1.8869873278201967,0.7431160781541641,2.933389955495612
0x8812047356c3d357a592477b16985d2de86b472cbf319e943faa7f122995f1fc,131,19000075,21000,19008393685,18998393685,210000000000,2.990550099560226,-1.870173890564745,0.7221301518848864,-1.8864122247440518,0.7404508807534532,2.993663228949039
0xc2415ae5acc5b192af5893bd39bd77a18ad51debf7b2facff16fee8d847ce250,73,19000075,22728,19098393685,18998393685,2272800000000,3.053614788576299,-1.870173890564745,0.7221301518848864,-1.8818549011731631,0.7344141491849032,3.055224519247721
0x61e6c1df199ad607d022efbf67df4822a0e34b0971f86dd33cec73798baa999b,129,19000075,46097,19008393685,18998393685,460970000000,3.082994760530554,-1.870173890564745,0.7221301518848864,-1.902979942692834,0.7473562277838997,3.0874441215184674
0x22ef8cd576b98df799da198672dd116ac320049a447a8e0404fd8b0259244e76,57,19000075,36218,19998393685,18998393685,36218000000000,3.086406848004438,-1.870173890564745,0.7221301518848864,-1.875984876685444,0.728985176608066,3.0875864139757185
0xb355fe87e1cb622a60beecb3db87c17f127cdd9feee37d0e47c845413c8b090f,85,19000075,163588,19098393685,18998393685,16358800000000,3.1201828714009023,-1.870173890564745,0.7221301518848864,-1.8831682828759326,0.7303383724068464,3.121236845968454
0xf55697bf1d5596dd54556a64efab008de32a975e86bef9c5f118b5cf3f14fbb7,82,19000075,21000,19098393685,18998393685,2100000000000,3.1206592679659124,-1.870173890564745,0.7221301518848864,-1.9029914490284845,0.7458813584237495,3.1248819879476772
0x3449bb23c5e62bb5387b4106a36259b08b3e1a7e2d8c3803ab61d6ee3074e5ff,27,19000075,52538,22431267284,18998393685,180356313144262,3.158278112758344,-1.870173890564745,0.7221301518848864,-1.890964245915829,0.7345851190367447,3.1604746711222145
0x4f276543b805f2c90ca6c0cdeffd57b7b4c86f7331a8b88d3ab3dae8ffe8e2c6,101,19000075,185447,19098393685,18998393685,18544700000000,3.325333790228367,-1.870173890564745,0.7221301518848864,-1.8977983587343223,0.7399137188575869,3.3287766787891417
0x2e5da76b7037fa998d3127b0f70f656f4fd9d7f552ee4a52421b8f8722f2f180,58,19000075,129480,19798393685,18998393685,103584000000000,3.454029332783797,-1.870173890564745,0.7221301518848864,-1.8923502937511543,0.7472209777637057,3.458261168442519
0xd7447d125b2e73dfd7d5600f2480b7f4f85f1def2d8efbbfa357795ab15964cf,96,19000075,157277,19098393685,18998393685,15727700000000,3.476323411893688,-1.870173890564745,0.7221301518848864,-1.8824936775287286,0.7357062023834039,3.4777825004302287
0x9b7486a84d274952ff974c5daaa9116bbff21c9852c61dd3d6d3d5be7b4ee936,39,19000075,51462,20998393685,18998393685,102924000000000,3.480405597160044,-1.870173890564745,0.7221301518848864,-1.8978974506700843,0.751670591007106,3.4852250784852186
0xf3ab31323c82511c5d2d03de7061703d354bdaa74b789cfb1e6789dfaf2d68b0,69,19000075,21000,19198393685,18998393685,4200000000000,3.6236074343996165,-1.870173890564745,0.7221301518848864,-1.8883142635718144,0.7436092327426151,3.6269978476840463
0x6d1bda74e80b762f1617531caa93033fdb7bc022d547d687e0224808d174738d,48,19000075,21000,19998393685,18998393685,21000000000000,3.6949289203706543,-1.870173890564745,0.7221301518848864,-1.8937271210608015,0.7351485233215171,3.6986213122824116
0x2abc598c838bcca5b9f21f0e62d1b6ce1bc68369c318604a57aa19e01d12b886,78,19000075,365472,19098393685,18998393685,36547200000000,3.7797746591084023,-1.870173890564745,0.7221301518848864,-1.8830828991546646,0.7379037200354066,3.7816187166509514
0xbf62ccfeaaa9216043fa27fee84d55a25cc70c1bbda7adac09b3796a6cde9b9b,71,19000075,41321,19198393685,18998393685,8264200000000,4.057387130911938,-1.870173890564745,0.7221301518848864,-1.8725838816852534,0.7263715304958194,4.059042383477515
0x8e07db05942fe9dc40d07a2f72a559a96002e148ce6bab8d58b4ba3bcc8d751f,3,19000075,250077,41213250319,18998393685,5555424702460818,4.099735412721005,-1.870173890564745,0.7221301518848864,-1.8805326634761053,0.7278303517421641,4.101881814977558
0x57be5b8d54a7f1abd605477ec0ec505e26ae46cb49f017d1efe7d60b3fc7a477,92,19000075,29912,19098393685,18998393685,2991200000000,4.100554468924413,-1.870173890564745,0.7221301518848864,-1.8898273182616923,0.7369749180102454,4.104031135083755
0x000000007221b8d463e8057ce2d060cda272b52050763be7eefb9ec3cd962e28,50,19000075,22760,19998393685,18998393685,22760000000000,4.3121328142027675,-1.870173890564745,0.7221301518848864,-1.8928485670039799,0.7378928249776602,4.314871188830512
0x0d8a75c90b8527c7e0dc7d1d255064b340084b06c155a44cf9cea60956add6fe,6,19000075,205541,73998393685,18998393685,11304755000000000,4.388234570662238,-1.870173890564745,0.7221301518848864,-1.8953927312840448,0.7423069748291656,4.3916291842172965
0xd0d301c00003a1fac2758e4ebdb93ce564cdf5bf745b787dd271c5e1436be5c6,114,19000075,63209,19098393685,18998393685,6320900000000,4.410371413482022,-1.870173890564745,0.7221301518848864,-1.8849275491756918,0.7347254230916449,4.412774094712286
0xba929fa02dcd0078b5d99df78787e2564d507f685cca184118dc95d573d9aad3,84,19000075,39197,19098393685,18998393685,3919700000000,4.4214560863334285,-1.870173890564745,0.7221301518848864,-1.8930797983500165,0.7394442067133392,4.425368891448192
0x1033338df63f10bbefe76154dddeea4788349ca5cfd71e058dce2c71038783d1,24,19000075,21000,23670000000,18998393685,98103732615000,4.531960045902986,-1.870173890564745,0.7221301518848864,-1.8993005652305952,0.7406298269361582,4.53585604724128
0xb1488450065b553a095b72ab6b42da251a6ca7dddb670c62117d1d522d6ff694,66,19000075,45136,19431823304,18998393685,19563279283184,4.69347662428485,-1.870173890564745,0.7221301518848864,-1.8860260746088175,0.7387983684510917,4.695865013993
0xa9bef0915d18517df524f4d275868a17d08bb044e63d4515fdddcd3a21ad0abb,90,19000075,73623,19098393685,18998393685,7362300000000,4.8464291980910765,-1.870173890564745,0.7221301518848864,-1.888697223280015,0.7317004898301656,4.849779381986639
0x7bc74adc5ee2b2490edd34e5487d6ee10e9ee26233317514084150c93f5196fa,28,19000075,54497,22431267284,18998393685,187081312524703,5.038765688267768,-1.870173890564745,0.7221301518848864,-1.8737751463832275,0.7260960257612376,5.040992175047443
0x45a9d8fe3532bbcb4894cd145a7a8906d29631e4e2988a065481ba73dcf83bb2,81,19000075,129896,19098393685,18998393685,12989600000000,5.074760134605565,-1.870173890564745,0.7221301518848864,-1.876106800920102,0.7331928195316245,5.0767741973855705
0x7d86ad03fe7e3d6a49b18984505c71120dfea5658720cabeda0c15ca58d7283b,61,19000075,152351,19498393685,18998393685,76175500000000,5.130925010794132,-1.870173890564745,0.7221301518848864,-1.8840947031326893,0.7343641965960336,5.133345530872321
0xae061ce727ebec4f43af223c290b7334947069455f83d69dff353eeb20264e91,112,19000075,122728,19098393685,18998393685,12272800000000,5.195459358136864,-1.870173890564745,0.7221301518848864,-1.9089084293784258,0.7425292013207683,5.20118864855049
0xb6f15fb180b3ac057e30535dcc042e4d04267ab6a620ca074c658efe9d94241f,80,19000075,254420,19098393685,18998393685,25442000000000,5.214901662138116,-1.870173890564745,0.7221301518848864,-1.883415109329619,0.7353823664185317,5.217058039753814
0x6436ae1d6adb5ba5f0114f53458c3741d2eca921041e934e3320d9e8c836e309,9,19000075,223687,33998393685,18998393685,3355305000000000,5.249845775169614,-1.870173890564745,0.7221301518848864,-1.8935659844636001,0.7444682099839884,5.253983452251834
0xebe38df3eccdd1a669d7ea16cfd1ade7f5cdb9a523af0fd849a90009127f1ac1,40,19000075,46109,20998393685,18998393685,92218000000000,5.35112100866246,-1.870173890564745,0.7221301518848864,-1.8782792856536952,0.7314676457497995,5.353489909176291
0xca28971aabbe596efc2cc4c86224d66002f0a2719aa3235c79d855c0a2180d90,102,19000075,296795,19098393685,18998393685,29679500000000,5.552265182978738,-1.870173890564745,0.7221301518848864,-1.89218691485458,0.7378909027347421,5.555213466699491
0xcce729a2c9c9c1469f6f7f9895bdfa970a7815a9a4af8570c47b6ca42ff193aa,13,19000075,142484,27102685934,18998393685,1154731976806516,5.760573190950583,-1.870173890564745,0.7221301518848864,-1.8910798019012767,0.7350992552604165,5.763622752992942
0x929e3cf66a46520f92c05c2ff0a3d2ded98b7e110e488669487daa35c46fc60a,88,19000075,120238,19098393685,18998393685,12023800000000,5.831199798367317,-1.870173890564745,0.7221301518848864,-1.886987542412198,0.7371610417175012,5.833202663467029
0xb177a669e5fd92776a75fdbc5120337d92ac70887e61540a13d23cbe46596088,29,19000075,49689,21820861224,18998393685,140245589545371,5.898866422780538,-1.870173890564745,0.7221301518848864,-1.8828613764991153,0.7290812783483624,5.900738848757381
0x205212db0660b134008a73c19e34a1d6797df7dbfafc44b297eaf013bafa81d1,5,19000075,205553,73998393685,18998393685,11305415000000000,5.944471612029755,-1.870173890564745,0.7221301518848864,-1.8920719731664324,0.7278186263445938,5.946538295580622
0xcf87a4f4c2884ec44635429728b6b8539533aa2fed76dd6076e79678167d1028,11,19000075,127116,35895035863,18998393685,2147833567098648,5.971085422685996,-1.870173890564745,0.7221301518848864,-1.918655210996204,0.7554229383027256,5.977577574158856
0xc93adbc06c8e8c62dad4468333b998b179f730e4d1baa259a015a1be754aaa06,55,19000075,165476,19998393685,18998393685,165476000000000,5.99245750940413,-1.870173890564745,0.7221301518848864,-1.8944535186505411,0.7390075229628773,5.9955582226123205
0xc762eaa39d9a8f1ed14130ed388631653ede2173da51aab021e2c28659f8174c,44,19000075,46109,20721408001,18998393685,79446467096444,5.996231187992532,-1.870173890564745,0.7221301518848864,-1.8804011697287526,0.7325938354770043,5.998189534891274
0xfbe44b532e2ed5e0aa132af86cfaedd5b74fbf20fcc008b738401ecfd6d732f9,34,19000075,21000,21001393685,18998393685,42063000000000,6.024695637774866,-1.870173890564745,0.7221301518848864,-1.900031416540521,0.7407201774742915,6.029029631910213
0xfa7b95a452c2367a3c37b51dea34d748b2236767e9867d09bfcf192c0023573b,110,19000075,21000,19098393685,18998393685,2100000000000,6.0268750936801245,-1.870173890564745,0.7221301518848864,-1.9011004072181468,0.7484465695006665,6.0316654055237695
0x7a8b1f76b0a60ac9d687ce576cbd6732abb32f82ac49ea48d0f26d9477c14adf,124,19000075,194111,19008393685,18998393685,1941110000000,6.030011125604412,-1.870173890564745,0.7221301518848864,-1.890724727783631,0.7405717280110958,6.033369258183693
0x20605dc00a93e4e9efeb75d941d9998f455c3ae63ad1c8ac958876064d60aad0,94,19000075,206674,19098393685,18998393685,20667400000000,6.086043729668312,-1.870173890564745,0.7221301518848864,-1.9104813221782324,0.746127497195471,6.091714038931885
0x869972ebdcbbf1f4495980736716337418ab99cd19a245412f60073d0411df3b,53,19000075,70163,19998393685,18998393685,70163000000000,6.258872075457292,-1.870173890564745,0.7221301518848864,-1.8907134046557286,0.7318652722093592,6.261566925855278
0xf0e9729b51edc89f9cd1adcffb0eab0e83b3e22698b1a52827847d913c49ac9f,121,19000075,47155,19040306688,18998393685,1976407656465,6.2737167738772435,-1.870173890564745,0.7221301518848864,-1.8654612442649872,0.726799937868223,6.273926915826882
0x081ffbb97315c18c26d1ffa82440b9a893fe962fe1ee886bc48e32736d0b3b07,0,19000075,362827,18998393685,18998393685,0,6.327930894195874,-1.870173890564745,0.7221301518848864,-1.8952646761460212,0.7410875877057957,6.332098403779206
0x000000001be38704658a30ef868c1b53610cabd1fa8e4863669b9275cadae428,23,19000075,22824,23998393685,18998393685,114120000000000,6.358990042251097,-1.870173890564745,0.7221301518848864,-1.8915708008002463,0.7431772455835032,6.363186412058103
0x4fa9c93eddfa8941d7d6cab8bcf82a8adc241652195fa787f65b3f709b4a71ec,60,19000075,48549,19498393685,18998393685,24274500000000,6.464932818445098,-1.870173890564745,0.7221301518848864,-1.8927628090682203,0.7365252408084207,6.46762664440157
0x2d88d4fb588873a57e4d02c78881fd8b1e81808168b675b39d1ef803e6de89d0,59,19000075,21000,19500000000,18998393685,10533732615000,6.481855599023208,-1.870173890564745,0.7221301518848864,-1.895574241421807,0.7379707761370354,6.485361795766246
0xdf19351dbd44d21d9d5a13a890201f52c6ac26b771d6a609e1f4a57f291f06e4,62,19000075,21000,19439613588,18998393685,9265617963000,6.6142794381256635,-1.870173890564745,0.7221301518848864,-1.8878137076279489,0.7362678160103576,6.617131065739784
0xaf5ab15a146d757d28efca982454a75d8889477aa72c7421ef8729a54489e779,93,19000075,21000,19098393685,18998393685,2100000000000,6.696665895802591,-1.870173890564745,0.7221301518848864,-1.8926889696334586,0.7327989107688618,6.699510643401133
0x645a313cd08f5537002162793e902912320eeca4c6196f9cc0ae66d58f15a4b6,21,19000075,21000,32000000000,18998393685,273033732615000,6.775813459594864,-1.870173890564745,0.7221301518848864,-1.9085252029995041,0.7547921396349396,6.781504015921018
0x246a557d20c886c173bacc1d26e58034f701653190c26a6a6079602bc71cfe27,118,19000075,53597,19098393685,18998393685,5359700000000,6.866010652670726,-1.870173890564745,0.7221301518848864,-1.8864812024210587,0.7422279986900501,6.869219353072547
0x9332b0c7c7f258c2839a736d9752706c0d741c3dc5940db86a7eb4ac93b46679,54,19000075,140855,19998393685,18998393685,140855000000000,7.1180247081519825,-1.870173890564745,0.7221301518848864,-1.8955708080745384,0.7386487113231275,7.1220418386728435
0x43b40292340dd9e8e9eb3493d7abd385e8e23857422dc499b0add31d3a1fd1d4,113,19000075,62070,19098393685,18998393685,6207000000000,7.132594501764226,-1.870173890564745,0.7221301518848864,-1.9007539311516568,0.7372678502289605,7.136766694883052
0x598e55677027be1ccb79883f55c008eef252e413840ce3cf5df166df99fac54b,1,19000075,433034,19098393685,18998393685,43303400000000,7.288750614900257,-1.870173890564745,0.7221301518848864,-1.8911698776630173,0.7376624158477283,7.292537773178714
0xb13e0ae87b522884f092346d48396fffde00d65045f974eeac1953ca88764422,10,19000075,188154,33998393685,18998393685,2822310000000000,7.398167441410146,-1.870173890564745,0.7221301518848864,-1.9060215149908324,0.7374762461307921,7.403277878194992
0x95127c83a6ac41290f0a577941ab8d26a5680d1a6ecfbf0a8112935cfeacfa34,8,19000075,167148,40998393685,18998393685,3677256000000000,7.48309765601773,-1.870173890564745,0.7221301518848864,-1.8912938753811142,0.738465912897479,7.486073080111758
0xf3bda0cb2ef1087815d5416fe2f1538546dd08fc1f3676b5f3eee90260af223d,41,19000075,51450,20998393685,18998393685,102900000000000,7.565020891128837,-1.870173890564745,0.7221301518848864,-1.8983176772148407,0.7525512057853483,7.569143927883437
0xe8471dd6f8d4137061ebe9312d022ec238123a4b027c74bfbe836560048a9786,67,19000075,30201,19398393685,18998393685,12080400000000,8.214327652108434,-1.870173890564745,0.7221301518848864,-1.8853079847526617,0.7347003938829421,8.21701274435729
0xa0144b3f5f0579e49d7b07fa4f7ff80b7978d764667701b48f857cbfe2755547,47,19000075,46604,20498393685,18998393685,69906000000000,8.40715057467835,-1.870173890564745,0.7221301518848864,-1.8838242665532987,0.7434091555209775,8.410595255131945
0x6715eb78b575770de58bb7dbe7f9d6ac88a6b63a51de1653817d184f57dfc220,103,19000075,21000,19098393685,18998393685,2100000000000,8.424231458795681,-1.870173890564745,0.7221301518848864,-1.8910796671904548,0.7362179142308236,8.427641890220723
0xc2bc456fa6d9db4bfb7a50ec45b1e4c33249d13bb57fd968c208e36891cd5983,97,19000075,166256,19098393685,18998393685,16625600000000,8.441712006589347,-1.870173890564745,0.7221301518848864,-1.8551887862866563,0.7165010783032332,8.440413910599162
0xaa929503c2342f0b5e0a481b1ec6ac3ccb28aa59ff6aaa58acc03df34dd1c2ef,25,19000075,21000,22697831537,18998393685,77688194892000,8.541055949549797,-1.870173890564745,0.7221301518848864,-1.8988913310070543,0.7444620402264772,8.544764118018527
0xe2573cbe1f58c441bb0232f1f90ea3627708ac05242d6f7437a6dbc666acf173,38,19000075,51895,20998393685,18998393685,103790000000000,8.650453822267137,-1.870173890564745,0.7221301518848864,-1.907530504884288,0.748004134603476,8.6553884178533
0x3308f855599af04445d8c5c9536a9cf0a243501c8488342b4c025f2661b480ed,128,19000075,47255,19008393685,18998393685,472550000000,8.652170376613189,-1.870173890564745,0.7221301518848864,-1.8828801864193057,0.7333199474514371,8.653283360864767
0x27b29fdf7a053dce3bf13ce5ee9805c3953147383f4e9b3e1f89b60cebd421df,32,19000075,46628,21468184864,18998393685,115161423094412,8.749113452291683,-1.870173890564745,0.7221301518848864,-1.8913339170011143,0.7437819833247242,8.752618827449107
0x5d585cc420a9d8718eb248a8d387cebb15abae8ce385ebd81299058b08e5b9ed,43,19000075,21000,20998393685,18998393685,42000000000000,9.060322351822666,-1.870173890564745,0.7221301518848864,-1.8728562487057474,0.7308384330610472,9.061011350308855
0x90f5a1c510aed4f9640f6f4e804f567e5754dff4042de760bd327a811bbbbffd,19,19000075,149841,21998393685,18998393685,449523000000000,9.09662459943538,-1.870173890564745,0.7221301518848864,-1.902658442334085,0.7469197846395876,9.101069187200501
0x5d0fe7344920f31aa0fcf2c90fe1d026abf3bedd0582bf69e5224c3aad27d9b8,133,19000075,46517,19008393685,18998393685,465170000000,9.11937885508436,-1.870173890564745,0.7221301518848864,-1.8827286398711751,0.7355486343351813,9.122391325628634
0xa721498d2d6db966b9980bb07c60e253a59656f40b7c3fc47ad0ceadb2cb3451,70,19000075,45275,19198393685,18998393685,9055000000000,9.142455427098833,-1.870173890564745,0.7221301518848864,-1.8681836138696724,0.7268313315858802,9.142626096790677
0xec6f2ab13c0b0b7b635f468ea5cbb030629f6eb302488ea2df1cbe4062f424cf,20,19000075,126267,18998393685,18998393685,0,9.144986484524068,-1.870173890564745,0.7221301518848864,-1.8798397249142624,0.7375296933006606,9.14721735824654
0x5c775aedf6f801b618d639c23f50e5cd0180ae6d3352539825cf14ffd9d39583,2,19000075,180601,18998393685,18998393685,0,9.146167871611732,-1.870173890564745,0.7221301518848864,-1.901174533238393,0.7570820449507483,9.150970602628222
0x5465fc7bf6f4a4ceab28a70f2748c6cebaedc4212591a40881adbc715c466b2e,105,19000075,259050,19098393685,18998393685,25905000000000,9.193215719116534,-1.870173890564745,0.7221301518848864,-1.8931160933409623,0.7362764060798189,9.195900041137396
0x7c11b0f0cac1b48299936a1ae3f18689bb8d9fc50e2053db944d40f744ab0be0,91,19000075,196903,19098393685,18998393685,19690300000000,9.222651282956349,-1.870173890564745,0.7221301518848864,-1.906282550959226,0.7508879486757777,9.228220462822001
0x3e9622136592b590fbdf11e50fc9dbf529b45c3bc78997d303703cb5b14b76a3,130,19000075,113292,19008393685,18998393685,1132920000000,9.251596759600687,-1.870173890564745,0.7221301518848864,-1.8876163511964517,0.7334766111228485,9.254446313120056
0x741e95154c255678eb340e63213a565cc8e98d2daf19558f06a64dd106308471,77,19000075,44206,19098393685,18998393685,4420600000000,9.429606431688448,-1.870173890564745,0.7221301518848864,-1.8991438129195992,0.7469930427772911,9.43406674148566
0xe8e57fd70652091ecca70e95f97cdd118fbec68a1bcfd8ada696150ad6135d20,115,19000075,42946,19098393685,18998393685,4294600000000,9.484125449566147,-1.870173890564745,0.7221301518848864,-1.8817049083794397,0.7284588925136294,9.4853847920377
0xb06c306744bf46cb5f6be058dc5508af45b1715874ca32df51eb7e953bc0048b,111,19000075,22200,19098393685,18998393685,2220000000000,9.559165901804228,-1.870173890564745,0.7221301518848864,-1.8903993485757904,0.7386661487624034,9.562873084948352
0x2ea4321932f36350fff1f431fd57d8568b0454b4d1f5e1f2942095f41fdf1895,35,19000075,62248,21000000000,18998393685,124595989896120,9.649336874365023,-1.870173890564745,0.7221301518848864,-1.8961290551660606,0.7423732757416334,9.65365085272524
0x7be48e8ad35ba297d04ecd26f24657f7dfd4855396b91f4e30033c2c402ebf11,98,19000075,21000,19098393685,18998393685,2100000000000,9.718735749500974,-1.870173890564745,0.7221301518848864,-1.8910700963699916,0.7448812291713202,9.721730552088157
0xb06c00f504f04f541fdfea5c1db72bed069b3cc9bd188d13ed39e78cda1e4cc5,65,19000075,21000,19431823304,18998393685,9102021999000,9.766723309742833,-1.870173890564745,0.7221301518848864,-1.896968784176482,0.7341352347699228,9.769263132724388
0x7fc716f8eeb1cc0acca0cb9f98f1b7cdd4f0e6b5fa893560874a678c8a1118a9,74,19000075,21000,19098393685,18998393685,2100000000000,9.794612923829973,-1.870173890564745,0.7221301518848864,-1.8964103665403582,0.741744741619761,9.798253019817297
0xa6bd8116cbe9c9de5c3971f008482674d8eb3a9b755a18d99e96df2f0c6dbd6d,42,19000075,63197,20998393685,18998393685,126394000000000,9.90541963456233,-1.870173890564745,0.7221301518848864,-1.8751328594623453,0.7302184234429822,9.90640791575805
0x9c23a8adcfc56f38f783f16cb5a2b901317d3c7231ea664db684c709c531c7ed,122,19000075,46085,19039989632,18998393685,1916949217495,10.21345491342797,-1.870173890564745,0.7221301518848864,-1.8919576318012339,0.7349422497242195,10.216646472349826
0x633bc8e3fcb0751226eb0d3db273140b13bb69cdb4a15366b27383909411d846,109,19000075,24251,19098393685,18998393685,2425100000000,10.410709995812166,-1.870173890564745,0.7221301518848864,-1.8753897720437973,0.7255860295731209,10.411258031664188
0xce7962269117e732f8891f7b99adfdb65f463d72974281c85f104156c08da1a9,45,19000075,63209,20598393685,18998393685,101134400000000,10.420629856446025,-1.870173890564745,0.7221301518848864,-1.8763216013817912,0.728457078720591,10.421724668379658
0x5ddaab73725c055a58ab837e1a0e705b20ef7ffe262e23f11eed5a21643524b1,52,19000075,41536,19998393685,18998393685,41536000000000,10.54588869299052,-1.870173890564745,0.7221301518848864,-1.8855879518526764,0.7327313910398746,10.547957067229845
0x512a93371676b123a283cc9ea2e4c8601d5d4a5a7622a85154427ea0616162e3,125,19000075,21000,19008393685,18998393685,210000000000,10.596984392207597,-1.870173890564745,0.7221301518848864,-1.8867327025919916,0.7459391414329015,10.600038785571474
0x8f042ce603ef331021b725ea88fb296c8655d522fa2338432ee3d3e620a32758,30,19000075,21000,21820861224,18998393685,59271818319000,10.646166623037704,-1.870173890564745,0.7221301518848864,-1.8747214153807334,0.7350151514111595,10.647857893146776
0x5b83215796cc45f2e02fcfe36748c6df37e8084ec49091a4336113a784d4d142,4,19000075,215969,73998393685,18998393685,11878295000000000,10.705325815546933,-1.870173890564745,0.7221301518848864,-1.8915909288881667,0.7339937579273278,10.708928573970232
0xee39057d027f598196b328a3b4548a1077eb0e4cd9b2ad49e60b232863aa0d21,15,19000075,213173,23183813615,18998393685,892218522737890,10.713437470442315,-1.870173890564745,0.7221301518848864,-1.8736988441202613,0.7284849448235893,10.714327326057166
0xcb492d62a224f2e41e68f107638c716de5770b020c17e20ee006e632e9a4368a,7,19000075,217315,38998393685,18998393685,4346300000000000,10.936607445733493,-1.870173890564745,0.7221301518848864,-1.9060309961606081,0.7424183237817551,10.940811242108763
0x812016ddf1417de2112c879b00860c627c5c724e0d486d800c5f642b8df02ab0,33,19000075,54784,21198352695,18998393685,120522554403840,10.938627941344013,-1.870173890564745,0.7221301518848864,-1.8970144456134936,0.7395734932216927,10.942571687837479
0xa543cea24122d01f2c05d47339ee8244fcb6de2b4de4b26eef12a669eec265e0,46,19000075,47255,20498393685,18998393685,70882500000000,10.969851885995585,-1.870173890564745,0.7221301518848864,-1.8756931119124738,0.728645143614638,10.971727147798282
0xef99b3d4d67d34801c85ae0563ff24e9ebb8096799272a59d7f361e36444724e,37,19000075,54991,20998393685,18998393685,109982000000000,10.993739817716401,-1.870173890564745,0.7221301518848864,-1.888102674377643,0.7333498711427174,10.99621896194997
0x0d10904adb7c06a28aad43b2001fe9d9bac6bfaa8c8cd05af11a4b436d30370e,126,19000075,21000,19008393685,18998393685,210000000000,11.279129674071465,-1.870173890564745,0.7221301518848864,-1.8824847141490246,0.736179918540771,11.28216322484257
0xe42eacabaed0e0465cfe7e0fa2e0e9470b0a6b0708cad762fd17dd1999ffccbb,89,19000075,279759,19098393685,18998393685,27975900000000,11.331957995408683,-1.870173890564745,0.7221301518848864,-1.880585720850477,0.7286198344806752,11.332742356133656
0xe03a8d1f9f35d1594bc3bf9effa58b4ec414e3ebe5cd88a4ed42c0f82df42519,26,19000075,78234,22448393685,18998393685,269907300000000,11.34690125676261,-1.870173890564745,0.7221301518848864,-1.8764991959807311,0.7310676128338149,11.348565746868829
0x12ca718ee779328c6b0fdfbd0b790028ef9b11e03e8579a67572d107e8d13ec4,99,19000075,21000,19098393685,18998393685,2100000000000,11.398148541520788,-1.870173890564745,0.7221301518848864,-1.876318259981088,0.7185532539477801,11.398456741795417
0x1bbd14d999914fab73e7dd3ffa858514057cccf67b808501e9c5ef26892a08cc,123,19000075,97903,19008393685,18998393685,979030000000,11.409266715788096,-1.870173890564745,0.7221301518848864,-1.8999340979133859,0.7458254896030069,11.41397111035932
0x6101b284788198783b7b2a890e9aaacada1c30db6df4f93f9f317cf0f1e449a8,76,19000075,186786,19098393685,18998393685,18678600000000,11.477907067478016,-1.870173890564745,0.7221301518848864,-1.8954899816399837,0.7436114746071646,11.480767727078643
0xd41ca915499ebfdda3a991cc41321cd2d4e7a41b24b15f445db2a18cf25280eb,87,19000075,22200,19098393685,18998393685,2220000000000,11.58422015405104,-1.870173890564745,0.7221301518848864,-1.8840851206008977,0.7323894339419247,11.58661867433318
0x8d0c6338649ecd56ebdb72866614b6303bae4eeac1fe0bb1c9903bab1620499d,56,19000075,176535,19998393685,18998393685,176535000000000,11.912663333996107,-1.870173890564745,0.7221301518848864,-1.8809754741902638,0.7391945941274346,11.915673555033257
0x92ca6ab98158a4292f8d5a840e68e4be448122987143be98388a65b9362ffeb9,75,19000075,129378,19098393685,18998393685,12937800000000,11.915258470136585,-1.870173890564745,0.7221301518848864,-1.9040709733812882,0.7416535661829777,11.920178212874898
